nis_code,postal_code,name
11001,2630,Aartselaar
11002,2000,Antwerp
11003,2600,Berchem
11004,2530,Boechout
11005,2850,Boom
11006,2140,Borgerhout
11007,2150,Borsbeek
11008,2930,Brasschaat
11009,2960,Brecht
11010,2520,Broechem
11011,2070,Burcht
11012,2100,Deurne
11013,2650,Edegem
11014,2180,Ekeren
11015,2520,Emblem
11016,2910,Essen
11017,1500,Halle
11018,2620,Hemiksem
11019,2660,Hoboken
11020,2940,Hoevenen
11021,2540,Hove
11022,2920,Kalmthout
11023,2950,Kapellen
11024,2550,Kontich
11025,2547,Lint
11026,2990,Loenhout
11027,2240,Massenhoven
11028,2170,Merksem
11029,2640,Mortsel
11030,2845,Niel
11031,2520,Oelegem
11032,2390,Oostmalle
11033,2242,Pulderbos
11034,2243,Pulle
11035,2520,Ranst
11036,2840,Reet
11037,2840,Rumst
11038,2627,Schelle
11039,2970,Schilde
11040,2900,Schoten
11043,2960,Sint-Lenaarts
11044,2940,Stabroek
11045,2840,Terhagen
11046,2240,Viersel
11047,2531,Vremde
11048,2550,Waarloos
11049,2390,Westmalle
11050,2110,Wijnegem
11051,2610,Wilrijk
11052,2160,Wommelgem
11053,2990,Wuustwezel
11054,2240,Zandhoven
11055,2980,Zoersel
11056,2070,Zwijndrecht
11057,2390,Malle
12001,2580,Beerzel
12002,2590,Berlaar
12003,2560,Bevel
12004,2830,Blaasveld
12005,2820,Bonheiden
12006,2221,Booischot
12007,2880,Bornem
12008,2870,Breendonk
12009,2570,Duffel
12011,2220,Hallaar
12012,2801,Heffen
12013,2830,Heindonk
12014,2220,Heist-op-den-Berg
12015,2880,Hingene
12016,2811,Hombeek
12017,2222,Itegem
12018,2560,Kessel
12019,2500,Koningshooikt
12020,2811,Leest
12021,2500,Lier
12022,2870,Liezele
12023,2890,Lippelo
12024,2880,Mariekerke
12025,2800,Mechelen
12026,2560,Nijlen
12027,2861,Onze-Lieve-Vrouw-Waver
12028,2890,Oppuurs
12029,2580,Putte
12030,2870,Puurs
12031,2820,Rijmenam
12032,1601,Ruisbroek
12033,2223,Schriek
12034,2890,Sint-Amands
12035,2860,Sint-Katelijne-Waver
12036,2830,Tisselt
12037,2800,Walem
12038,2880,Weert
12039,2222,Wiekevorst
12040,2830,Willebroek
13001,2370,Arendonk
13002,2387,Baarle-Hertog
13003,2490,Balen
13004,2340,Beerse
13005,2288,Bouwel
13006,2480,Dessel
13007,2430,Eindhout
13008,2440,Geel
13009,2275,Gierle
13010,2280,Grobbendonk
13011,2200,Herentals
13012,2270,Herenthout
13013,2230,Herselt
13014,2320,Hoogstraten
13015,2235,Houtvenne
13016,2235,Hulshout
13017,2460,Kasterlee
13018,2460,Lichtaart
13019,2275,Lille
13020,2321,Meer
13021,2450,Meerhout
13022,2328,Meerle
13023,2330,Merksplas
13024,2322,Minderhout
13025,2400,Mol
13026,2200,Morkhoven
13027,2200,Noorderwijk
13028,2260,Oevel
13029,2250,Olen
13030,2491,Olmen
13031,2360,Oud-Turnhout
13032,2275,Poederlee
13033,2382,Poppel
13034,2230,Ramsel
13035,2380,Ravels
13036,2470,Retie
13037,2310,Rijkevorsel
13038,2460,Tielen
13039,2260,Tongerlo
13040,2300,Turnhout
13041,2431,Varendonk
13042,2431,Veerle
13043,2340,Vlimmeren
13044,2290,Vorselaar
13045,1190,Vorst
13046,2350,Vosselaar
13047,2275,Wechelderzande
13048,2381,Weelde
13049,2260,Westerlo
13050,2235,Westmeerbeek
13051,2323,Wortel
13052,2260,Zoerle-Parwijs
21001,1070,Anderlecht
21002,1160,Auderghem
21003,1082,Sint-Agatha-Berchem
21004,1000,Brussels
21005,1040,Etterbeek
21006,1140,Evere
21007,1190,Vorst
21008,1083,Ganshoren
21009,1050,Ixelles
21010,1090,Jette
21011,1081,Koekelberg
21012,1080,Molenbeek-Saint-Jean
21013,1060,Saint-Gilles - Sint-Gillis
21015,1030,Schaerbeek
21016,1180,Uccle
21017,1170,Watermael-Boitsfort / Watermaal-Bosvoorde
21018,1200,Woluwe-Saint-Lambert / Sint-Lambrechts-Woluwe
21019,1150,Woluwe-Saint-Pierre
23001,1652,Alsemberg
23002,1730,Asse
23003,1650,Beersel
23004,1673,Beert
23005,1852,Beigem
23006,1730,Bekkerzeel
23007,1674,Bellingen
23008,1910,Berg
23009,1547,Bever
23010,1670,Bogaarden
23011,1761,Borchtlombeek
23012,1785,Brussegem
23013,1501,Buizingen
23014,1910,Buken
23015,1831,Diegem
23016,1700,Dilbeek
23017,1653,Dworp
23018,1982,Elewijt
23019,1671,Elingen
23020,1980,Eppegem
23021,1790,Essene
23022,1750,Gaasbeek
23023,1570,Galmaarden
23024,1755,Gooik
23025,1850,Grimbergen
23026,1702,Groot-Bijgaarden
23027,1500,Halle
23028,1785,Hamme
23029,1670,Heikruis
23030,1790,Hekelgem
23031,1540,Herfelingen
23032,1540,Herne
23033,1560,Hoeilaart
23034,1981,Hofstade
23035,1654,Huizingen
23036,1851,Humbeek
23037,1701,Itterbeek
23038,1910,Kampenhout
23039,1880,Kapelle-op-den-Bos
23040,1755,Kester
23041,1730,Kobbegem
23042,1755,Leerbeek
23043,1502,Lembeek
23044,1770,Liedekerke
23045,1840,Londerzeel
23046,1651,Lot
23047,1830,Machelen
23048,1840,Malderen
23049,1745,Mazenzele
23050,1860,Meise
23051,1820,Melsbroek
23052,1785,Merchtem
23053,1730,Mollem
23054,2812,Muizen
23055,1910,Nederokkerzeel
23056,1880,Nieuwenrode
23057,1930,Nossegem
23058,1755,Oetingen
23060,1745,Opwijk
23061,1600,Oudenaken
23062,3090,Overijse
23064,1670,Pepingen
23065,1820,Perk
23066,1800,Peutie
23067,1880,Ramsdonk
23068,1731,Relegem
23069,1601,Ruisbroek
23070,1703,Schepdaal
23071,1742,Sint-Katherina-Lombeek
23072,1750,Sint-Kwintens-Lennik
23073,1600,Sint-Laureins-Berchem
23074,1700,Sint-Martens-Bodegem
23075,1750,Sint-Martens-Lennik
23076,1541,Sint-Pieters-Kapelle
23077,1600,Sint-Pieters-Leeuw
23078,1932,Sint-Stevens-Woluwe
23079,1700,Sint-Ulriks-Kapelle
23080,1840,Steenhuffel
23081,1820,Steenokkerzeel
23082,1933,Sterrebeek
23084,1853,Strombeek-Bever
23085,1790,Teralfene
23086,1740,Ternat
23087,1570,Tollembeek
23088,1800,Vilvoorde
23089,1602,Vlezenbeek
23090,1570,Vollezele
23091,1741,Wambeek
23092,1982,Weerde
23093,1861,Wolvertem
23094,1930,Zaventem
23095,1731,Zellik
23096,1980,Zemst
23097,1760,Roosdaal
23098,1620,Drogenbos
23099,1950,Kraainem
23100,1630,Linkebeek
23101,1640,Sint-Genesius-Rode
23102,1780,Wemmel
23103,1970,Wezembeek-Oppem
23105,1790,Affligem
24001,3200,Aarschot
24002,3460,Assent
24003,3404,Attenhoven
24004,3384,Attenrode
24005,3271,Averbode
24006,3128,Baal
24007,3130,Begijnendijk
24008,3460,Bekkevoort
24009,3060,Bertem
24010,3130,Betekom
24011,3360,Bierbeek
24012,3211,Binkom
24013,3052,Blanden
24014,3190,Boortmeerbeek
24015,3300,Bost
24016,3370,Boutersem
24017,3440,Budingen
24018,3380,Bunsbeek
24019,2100,Deurne
24020,3290,Diest
24021,3440,Dormaal
24022,3350,Drieslinter
24023,3080,Duisburg
24024,3400,Eliksem
24025,3071,Erps-Kwerps
24026,3078,Everberg
24027,3400,Ezemaal
24028,3450,Geetbets
24029,3200,Gelrode
24031,3300,Goetsenhoven
24032,3450,Grazen
24033,3150,Haacht
24034,3053,Haasrode
24035,3300,Hakendover
24036,3440,Halle-Booienhoven
24037,3440,Helen-Bos
24038,3020,Herent
24039,3191,Hever
24040,3001,Heverlee
24041,3320,Hoegaarden
24042,3471,Hoeleden
24043,3220,Holsbeek
24044,3390,Houwaart
24045,3040,Huldenberg
24046,3293,Kaggevinne
24047,2950,Kapellen
24048,3140,Keerbergen
24049,3370,Kerkom
24050,3472,Kersbeek-Miskom
24052,3060,Korbeek-Dijle
24053,3360,Korbeek-Lo
24054,3470,Kortenaken
24055,3070,Kortenberg
24056,3220,Kortrijk-Dutsel
24057,3300,Kumtich
24058,3400,Laar
24059,3400,Landen
24060,3201,Langdorp
24061,3061,Leefdaal
24062,3000,Leuven
24063,3210,Linden
24064,3040,Loonbeek
24065,3360,Lovenjoel
24066,3210,Lubbeek
24067,3391,Meensel-Kiezegem
24068,3078,Meerbeek
24070,3350,Melkwezer
24071,3272,Messelbroek
24072,3461,Molenbeek-Wersbeek
24073,3294,Molenstede
24074,3350,Neerhespen
24075,3040,Neerijse
24076,3404,Neerlanden
24077,3350,Neerlinter
24079,3400,Neerwinden
24080,3221,Nieuwrode
24081,3300,Oorbeek
24082,3300,Oplinter
24084,3350,Orsmaal-Gussenhoven
24085,3040,Ottenburg
24086,3050,Oud-Heverlee
24087,3321,Outgaarden
24088,3350,Overhespen
24089,3400,Overwinden
24090,3212,Pellenberg
24091,3470,Ransberg
24092,3202,Rillaar
24093,3370,Roosbeek
24094,3110,Rotselaar
24095,3454,Rummen
24096,3400,Rumsdorp
24097,3290,Schaffen
24098,3270,Scherpenheuvel
24099,3040,Sint-Agatha-Rode
24100,3051,Sint-Joris-Weert
24101,3390,Sint-Joris-Winge
24102,3300,Sint-Margriete-Houtem
24103,3220,Sint-Pieters-Rode
24104,3080,Tervuren
24105,3272,Testelt
24106,3390,Tielt
24107,3300,Tienen
24108,3150,Tildonk
24109,3120,Tremelo
24110,3054,Vaalbeek
24111,3020,Veltem-Beisem
24113,3300,Vissenaken
24114,3080,Vossem
24115,3473,Waanrode
24118,3401,Walshoutem
24119,3400,Wange
24120,3290,Webbekom
24121,3118,Werchter
24122,3150,Wespelaar
24123,3111,Wezemaal
24126,3012,Wilsele
24127,3020,Winksele
24128,3350,Wommersom
24129,3271,Zichem
24130,3440,Zoutleeuw
24133,3350,Linter
24137,3380,Glabbeek
25002,1367,Autre-Eglise
25003,1470,Baisy-Thy
25004,1401,Baulers
25006,1301,Bierges
25008,1390,Biez
25009,1367,Bomal
25010,1325,Bonlez
25011,1404,Bornival
25012,1390,Bossut-Gottechain
25013,1470,Bousval
25016,1341,Céroux-Mousty
25017,1450,Chastre-Villeroux-Blanmont
25018,1325,Chaumont-Gistoux
25020,1435,Corbais
25021,1325,Corroy-le-Grand
25022,1450,Cortil-Noirmont
25023,1490,Court-Saint-Étienne
25024,1380,Couture-Saint-Germain
25027,1370,Dongelberg
25028,1350,Enines
25029,1350,Folx-les-Caves
25030,1367,Geest-Gérompont-Petit-Rosière
25032,1450,Gentinnes
25033,1332,Genval
25034,1473,Glabais
25035,1315,Glimes
25036,1367,Grand-Rosière-Hottomont
25038,1320,Hamme-Mille
25039,1461,Haut-Ittre
25041,1476,Houtain-le-Val
25042,1367,Huppaye
25043,1315,Incourt
25045,1350,Jandrain-Jandrenouille
25047,1370,Jauchelette
25051,1380,Lasne-Chapelle-Saint-Lambert
25052,1370,Lathuy
25053,3700,Sluizen
25055,1300,Limal
25056,1342,Limelette
25058,1325,Longueville
25059,1471,Loupoigne
25060,1360,Malèves-Sainte-Marie-Wastinnes
25061,1380,Maransart
25062,1495,Marbais
25063,1350,Marilles
25065,1495,Mellery
25066,1400,Monstreux
25067,1367,Mont-Saint-André
25068,1435,Mont-Saint-Guibert
25069,1357,Neerheylissem
25070,1390,Nethen
25071,1457,Nil-Saint-Vincent-Saint-Martin
25073,1320,Nodebais
25074,1350,Noduwez
25076,1380,Ohain
25078,1421,Ophain-Bois-Seigneur-Isaac
25079,1357,Opheylissem
25080,1315,Opprebais
25081,1360,Orbais
25082,1350,Orp-le-Grand
25083,1340,Ottignies
25086,1315,Piétrebais
25087,1380,Plancenoit
25088,1430,Quenast
25090,3370,Roosbeek
25091,1330,Rixensart
25092,1331,Rosières
25093,1315,Roux-Miroir
25094,1450,Saint-Géry
25098,1495,Sart-Dames-Avelines
25099,1402,Thines
25100,1360,Thorembais-les-Béguines
25101,1360,Thorembais-Saint-Trond
25102,1495,Tilly
25103,2100,Deurne
25104,1457,Tourinnes-Saint-Lambert
25106,1472,Vieux-Genappe
25107,1495,Villers-la-Ville
25108,1460,Virginal-Samme
25109,1457,Walhain-Saint-Paul
25110,1410,Waterloo
25113,1474,Ways
25115,1325,Dion-Valmont
25116,1367,Gérompont
25122,1367,Ramillies
31001,8211,Aartrijke
31002,8310,Assebroek
31003,8730,Beernem
31004,8370,Blankenberge
31005,8000,Bruges
31006,8340,Damme
31007,8380,Dudzele
31009,8020,Hertsberge
31010,8340,Hoeke
31011,8377,Houtave
31012,8490,Jabbeke
31013,8300,Knokke
31014,8000,Koolkerke
31015,8340,Lapscheure
31016,8380,Lissewege
31017,8210,Loppem
31018,8377,Meetkerke
31019,8340,Moerkerke
31020,8377,Nieuwmunster
31021,8730,Oedelem
31022,8020,Oostkamp
31023,8340,Oostkerke
31024,8301,Ramskapelle
31025,8020,Ruddervoorde
31026,8340,Sijsele
31027,8200,Sint-Andries
31028,8620,Sint-Joris
31029,8310,Sint-Kruis
31030,8200,Sint-Michiels
31031,8490,Snellegem
31032,8490,Stalhille
31033,8820,Torhout
31034,8370,Uitkerke
31035,8490,Varsenare
31036,8210,Veldegem
31037,8020,Waardamme
31038,8420,Wenduine
31039,8300,Westkapelle
31040,8210,Zedelgem
31041,8490,Zerkegem
31042,8377,Zuienkerke
32001,8600,Beerst
32002,8680,Bovekerke
32003,8600,Diksmuide
32005,8610,Handzame
32006,8650,Houthulst
32008,8600,Keiem
32009,8650,Klerken
32010,8680,Koekelare
32011,8610,Kortemark
32012,8600,Lampernisse
32013,8600,Leke
32014,8647,Lo
32015,8650,Merkem
32016,8600,Nieuwkapelle
32017,8647,Noordschote
32018,8340,Oostkerke
32019,8600,Oudekapelle
32020,8647,Pollinkhove
32021,8647,Reninge
32022,8600,Sint-Jacobs-Kapelle
32023,8600,Stuivekenskerke
32024,8600,Vladslo
32025,8610,Werken
32026,8600,Woumen
32027,8610,Zarren
32028,8600,Driekapellen
33001,8980,Beselare
33002,8920,Bikschote
33003,8904,Boezinge
33004,8900,Brielen
33005,8900,Dikkebus
33006,8951,Dranouter
33007,8906,Elverdinge
33008,8980,Geluveld
33009,8940,Geluwe
33010,8902,Hollebeke
33011,8900,Ypres
33012,8956,Kemmel
33013,8972,Krombeke
33014,8920,Langemark
33015,8958,Loker
33016,8957,Mesen
33017,8950,Nieuwkerke
33018,8640,Oostvleteren
33019,8980,Passendale
33020,8920,Poelkapelle
33021,8970,Poperinge
33022,8972,Proven
33023,8970,Reningelst
33024,8972,Roesbrugge-Haringe
33025,8900,Sint-Jan
33026,8908,Vlamertinge
33027,8902,Voormezele
33028,8978,Watou
33029,8940,Wervik
33030,8954,Westouter
33031,8640,Westvleteren
33032,8953,Wijtschate
33033,8640,Woesten
33034,8952,Wulvergem
33035,8400,Zandvoorde
33036,8902,Zillebeke
33037,8980,Zonnebeke
33038,8904,Zuidschote
34001,8511,Aalbeke
34002,8570,Anzegem
34003,8580,Avelgem
34004,8531,Bavikhove
34005,8510,Bellegem
34006,8791,Beveren
34007,8501,Bissegem
34008,8583,Bossuit
34009,8540,Deerlijk
34010,8792,Desselgem
34011,8570,Gijzelbrechtegem
34012,8560,Gullegem
34013,8530,Harelbeke
34014,8551,Heestert
34015,8587,Helkijn
34016,8501,Heule
34017,8531,Hulste
34018,8570,Ingooigem
34019,8572,Kaster
34020,8581,Kerkhove
34021,8510,Kooigem
34022,8500,Kortrijk
34023,8520,Kuurne
34024,8930,Lauwe
34025,8860,Lendelede
34026,8510,Marke
34027,8930,Menen
34028,8552,Moen
34029,8560,Moorsele
34030,8553,Otegem
34031,8582,Outrijve
34032,8930,Rekkem
34033,8510,Rollegem
34034,8554,Sint-Denijs
34035,8793,Sint-Eloois-Vijve
34036,8587,Spiere
34037,8573,Tiegem
34038,8570,Vichte
34039,8581,Waarmaarde
34040,8790,Waregem
34041,8560,Wevelgem
34042,8550,Zwevegem
35001,8480,Bekegem
35002,8450,Bredene
35003,8480,Eernegem
35004,8460,Ettelgem
35005,8470,Gistel
35006,8480,Ichtegem
35007,8420,Klemskerke
35008,8432,Leffinge
35009,8434,Lombardsijde
35010,8433,Mannekensvere
35011,8430,Middelkerke
35012,8470,Moere
35013,8400,Ostend
35014,8460,Oudenburg
35015,8460,Roksem
35016,8433,Schore
35017,1541,Sint-Pieters-Kapelle
35018,8433,Slijpe
35019,8470,Snaaskerke
35020,8400,Stene
35021,8421,Vlissegem
35022,8434,Westende
35023,8460,Westkerke
35024,8431,Wilskerke
35025,8680,Zande
35026,8400,Zandvoorde
35027,8470,Zevekote
35029,8420,De Haan
36001,8850,Ardooie
36003,8890,Dadizele
36005,8830,Gits
36006,8830,Hooglede
36007,8770,Ingelmunster
36008,8870,Izegem
36009,8870,Kachtem
36010,8880,Ledegem
36011,8810,Lichtervelde
36012,8890,Moorslede
36013,8800,Oekene
36014,8840,Oostnieuwkerke
36015,8800,Roeselare
36016,8880,Rollegem-Kapelle
36017,8800,Rumbeke
36018,8880,Sint-Eloois-Winkel
36019,8840,Staden
36020,8840,Westrozebeke
37001,8700,Aarsele
37002,8720,Dentergem
37003,8740,Egem
37004,8700,Kanegem
37005,8851,Koolskamp
37006,8720,Markegem
37007,8760,Meulebeke
37008,8720,Oeselgem
37009,8710,Ooigem
37010,8780,Oostrozebeke
37011,8740,Pittem
37012,8755,Ruiselede
37013,8700,Schuiferskapelle
37014,8710,Sint-Baafs-Vijve
37015,3390,Tielt
37016,8720,Wakken
37017,8710,Wielsbeke
37018,8750,Wingene
37019,8750,Zwevezele
37020,8850,#N/A
38001,8660,Adinkerke
38002,8690,Alveringem
38003,8630,Avekapelle
38004,8791,Beveren
38005,8630,Booitshoeke
38006,8630,Bulskamp
38007,8630,De Moeren
38008,8660,De Panne
38009,8630,Eggewaartskapelle
38010,8691,Gijverinkhove
38011,8690,Hoogstade
38012,8630,Houtem
38013,8691,Izenberge
38014,8670,Koksijde
38015,8691,Leisele
38016,8620,Nieuwpoort
38017,8690,Oeren
38018,8670,Oostduinkerke
38019,8600,Pervijze
38020,8301,Ramskapelle
38021,8620,Sint-Joris
38022,8690,Sint-Rijkers
38023,8691,Stavele
38024,8630,Steenkerke
38025,8630,Veurne
38026,8630,Vinkem
38027,8670,Wulpen
38028,8630,Wulveringem
38029,8630,Zoutenaaie
41001,9420,Aaigem
41002,3800,Aalst
41003,9400,Appelterre-Eichem
41004,9404,Aspelare
41005,9310,Baardegem
41006,9420,Bambrugge
41007,9520,Bavegem
41008,9552,Borsbeke
41009,9420,Burst
41010,9450,Denderhoutem
41011,9470,Denderleeuw
41012,9400,Denderwindeke
41013,9620,Elene
41014,9320,Erembodegem
41015,9420,Erondegem
41016,9420,Erpe
41017,9620,Erwetegem
41018,9500,Geraardsbergen
41019,9308,Gijzegem
41020,9620,Godveerdegem
41021,9500,Goeferdinge
41022,9506,Grimminge
41023,9620,Grotenberge
41024,9450,Haaltert
41025,9450,Heldergem
41026,9310,Herdersem
41027,9550,Herzele
41028,9550,Hillegem
41029,1981,Hofstade
41030,9472,Iddergem
41031,9506,Idegem
41032,9340,Impe
41033,9451,Kerksken
41034,9340,Lede
41035,9620,Leeuwergem
41036,9521,Letterhoutem
41037,9400,Lieferinge
41038,9402,Meerbeke
41039,3320,Meldert
41040,9420,Mere
41041,9500,Moerbeke
41042,9310,Moorsel
41043,9500,Nederboelare
41044,9400,Nederhasselt
41045,9403,Neigem
41046,9506,Nieuwenhove
41047,3850,Nieuwerkerken
41048,9400,Ninove
41049,9400,Okegem
41050,9500,Onkerzele
41051,9520,Oombergen
41052,9340,Oordegem
41053,9500,Ophasselt
41054,9420,Ottergem
41055,9406,Outer
41056,9500,Overboelare
41057,9401,Pollare
41058,9551,Ressegem
41059,9506,Schendelbeke
41060,9550,Sint-Antelinks
41061,9620,Sint-Goriks-Oudenhove
41062,9550,Sint-Lievens-Esse
41063,9520,Sint-Lievens-Houtem
41064,9620,Sint-Maria-Oudenhove
41065,9506,Smeerebbe-Vloerzegem
41066,9340,Smetlede
41067,9550,Steenhuize-Wijnhuize
41068,9620,Strijpen
41069,9620,Velzeke-Ruddershove
41070,9500,Viane
41071,9420,Vlekkem
41072,9520,Vlierzele
41073,9400,Voorde
41074,9506,Waarbeke
41075,9340,Wanzele
41076,9473,Welle
41077,9550,Woubrechtegem
41078,9506,Zandbergen
41079,9500,Zarlardinge
41080,9520,Zonnegem
41081,9620,Zottegem
42001,9200,Appels
42002,9200,Baasrode
42003,9290,Berlare
42004,9255,Buggenhout
42005,9280,Denderbelle
42006,9200,Dendermonde
42007,9200,Grembergen
42008,1785,Hamme
42009,9270,Kalken
42010,9270,Laarne
42011,9280,Lebbeke
42012,9230,Massemen
42013,9200,Mespelare
42014,9220,Moerzeke
42016,9200,Oudegem
42017,9290,Overmere
42018,9260,Schellebelle
42019,9200,Schoonaarde
42020,9260,Serskamp
42022,9290,Uitbergen
42023,9250,Waasmunster
42024,9230,Westrem
42025,9230,Wetteren
42026,9260,Wichelen
42027,9280,Wieze
42028,9240,Zele
43001,9991,Adegem
43002,9960,Assenede
43003,9968,Bassevelde
43004,9961,Boekhoute
43005,9900,Eeklo
43006,9940,Ertvelde
43007,9970,Kaprijke
43009,9971,Lembeke
43010,9990,Maldegem
43011,9992,Middelburg
43012,9968,Oosteeklo
43013,9982,Sint-Jan-in-Eremo
43014,9980,Sint-Laureins
43015,9981,Sint-Margriete
43016,9988,Waterland-Oudeman
43017,9988,Watervliet
43018,9060,Zelzate
44001,9880,Aalter
44002,9051,Afsnee
44003,9890,Asper
44004,9800,Astene
44005,9890,Baaigem
44006,9800,Bachte-Maria-Leerne
44007,9860,Balegem
44008,9080,Beervelde
44009,9881,Bellem
44010,9820,Bottelare
44011,9800,Deinze
44012,9840,De Pinte
44013,9070,Destelbergen
44015,9831,Deurle
44016,9890,Dikkelvenne
44017,9031,Drongen
44018,9810,Eke
44019,9940,Evergem
44020,9890,Gavere
44021,9000,Ghent
44022,9050,Gentbrugge
44023,9860,Gijzenzele
44024,9090,Gontrode
44025,9800,Gottem
44026,9800,Grammene
44027,9850,Hansbeke
44028,3550,Heusden
44029,9910,Knesselare
44030,9850,Landegem
44031,9860,Landskouter
44032,9050,Ledeberg
44034,9080,Lochristi
44035,9880,Lotenhulle
44036,9920,Lovendegem
44037,1830,Machelen
44038,9030,Mariakerke
44039,9800,Meigem
44040,9090,Melle
44041,9820,Melsen
44043,9820,Merelbeke
44044,9850,Merendree
44045,9500,Moerbeke
44046,9860,Moortsele
44047,9820,Munte
44048,9810,"Nazareth, Belgium"
44049,9850,Nevele
44050,9870,Olsene
44051,9041,Oostakker
44052,9860,Oosterzele
44053,9931,Oostwinkel
44054,9800,Petegem-aan-de-Leie
44055,9880,Poeke
44056,9850,Poesele
44057,9932,Ronsele
44058,9820,Schelderode
44059,9860,Scheldewindeke
44060,9890,Semmerzake
44061,9040,Sint-Amandsberg
44062,9051,Sint-Denijs-Westrem
44064,9830,Sint-Martens-Latem
44065,9800,Sint-Martens-Leerne
44066,9940,Sleidinge
44067,9910,Ursel
44068,9921,Vinderhoute
44069,9800,Vinkt
44070,9850,Vosselare
44071,9890,Vurste
44072,9950,Waarschoot
44073,9185,Wachtebeke
44074,9032,Wondelgem
44075,9800,Wontergem
44076,9080,Zaffelare
44077,9080,Zeveneken
44078,9800,Zeveren
44079,9840,Zevergem
44080,9930,Zomergem
44081,9870,Zulte
44082,9052,Zwijnaarde
44083,9800,#N/A
44084,9880,#N/A
45001,9630,Beerlegem
45002,2600,Berchem
45004,9570,Deftinge
45005,9630,Dikkele
45008,9790,Elsegem
45009,9660,Elst
45011,9680,Etikhove
45012,9660,Everbeek
45013,9571,Hemelveerdegem
45014,9700,Heurne
45015,9750,Huise
45016,9630,Hundelgem
45017,9770,Kruishoutem
45018,9690,Kwaremont
45020,9680,Maarke-Kerkem
45021,9700,Mater
45022,9630,Meilegem
45023,9700,Melden
45024,9660,Michelbeke
45025,9790,Moregem
45026,9700,Mullem
45027,9630,Munkzwalm
45028,9660,Nederbrakel
45030,9636,Nederzwalm-Hermelgem
45031,9771,Nokere
45032,9681,Nukerke
45033,9700,Ooike
45034,9660,Opbrakel
45035,9700,Oudenaarde
45036,9750,Ouwegem
45037,9661,Parike
45038,9630,Paulatem
45039,9790,Petegem-aan-de-Schelde
45040,9630,Roborst
45041,9600,Ronse
45042,9630,Rozebeke
45043,9690,Ruien
45044,9688,Schorisse
45045,9630,Sint-Blasius-Boekel
45046,9630,Sint-Denijs-Boekel
45047,9667,Sint-Kornelis-Horebeke
45048,9667,Sint-Maria-Horebeke
45049,9630,Sint-Maria-Latem
45050,9570,Sint-Maria-Lierde
45051,9572,Sint-Martens-Lierde
45053,9772,Wannegem-Lede
45054,9700,Welden
45055,9790,Wortegem
45056,9660,Zegelsem
45057,9750,Zingem
45058,9690,Zulzeke
45059,9660,Brakel
46001,9150,Bazel
46002,9111,Belsele
46003,8791,Beveren
46004,9160,Daknam
46005,9170,De Klinge
46006,9130,Doel
46007,9160,Eksaarde
46008,9140,Elversele
46009,9120,Haasdonk
46010,9120,Kallo
46011,9190,Kemzeke
46012,9130,Kieldrecht
46013,9150,Kruibeke
46014,9160,Lokeren
46015,9170,Meerdonk
46016,9120,Melsele
46017,9100,Nieuwkerken-Waas
46018,9150,Rupelmonde
46020,9170,Sint-Gillis-Waas
46021,9100,Sint-Niklaas
46022,9170,Sint-Pauwels
46023,9140,Steendorp
46024,9190,Stekene
46025,9140,Temse
46026,9140,Tielrode
46027,9130,Verrebroek
46028,9120,Vrasene
51001,7910,Anvaing
51002,5170,Arbre
51003,7910,Arc-Ainières
51005,7941,Attre
51006,7972,Aubechies
51007,7971,Basècles
51008,7970,Belœil
51009,7320,Bernissart
51010,7903,Blicquy
51011,7803,Bouvignies
51012,7940,Brugelette
51013,7911,Buissenal
51014,7950,Chièvres
51015,7910,Cordes
51016,7912,Dergneau
51018,7972,Ellignies-Sainte-Anne
51019,7880,Flobecq
51020,7910,Forest
51021,7830,Fouleng
51022,7911,Frasnes-lez-Buissenal
51023,7943,Gages
51025,7823,Gibecq
51026,7830,Gondregnies
51028,7950,Grosage
51029,7911,Hacquegnies
51031,7830,Hellebecq
51032,7911,Herquegies
51033,7812,Houtaing
51034,7950,Huissignies
51035,7801,Irchonwelz
51036,7822,Isières
51037,7950,Ladeuze
51038,7890,Lahamaide
51039,7800,Lanquesaint
51040,7810,Maffle
51041,7812,Mainvault
51043,7942,Mévergnies-lez-Lens
51044,7812,Moulbaix
51045,7911,Moustier
51046,7911,Oeudeghien
51047,7802,Ormeignies
51048,7804,Ostiches
51049,7322,Pommeroeul
51050,7972,Quevaucamps
51051,7971,Ramegnies
51052,7804,Rebaix
51053,7912,Saint-Sauveur
51054,7973,Stambruges
51055,7971,Thumaide
51056,7951,Tongre-Notre-Dame
51057,7950,Tongre-Saint-Martin
51058,7904,Tourpes
51060,7812,Villers-Notre-Dame
51061,7812,Villers-Saint-Amand
51062,7971,Wadelincourt
51063,7890,Wodecq
51064,7910,Arc-Wattripont
51067,7850,Enghien
52001,6280,Acoz
52002,6250,Aiseau
52003,7181,Arquennes
52004,7170,Bellecourt
52005,5140,Boignée
52007,6200,Bouffioulx
52008,6222,Brye
52009,6230,Buzet
52010,7160,Chapelle-lez-Herlaimont
52011,6000,Charleroi
52012,6200,Châtelet
52013,6200,Châtelineau
52014,6010,Couillet
52015,6180,Courcelles
52016,6020,Dampremy
52017,7181,Familleureux
52018,6240,Farciennes
52019,7170,Fayt-lez-Manage
52020,7181,Feluy
52021,6220,Fleurus
52023,6141,Forchies-la-Marche
52024,6210,Frasnes-lez-Gosselies
52025,6280,Gerpinnes
52026,6060,Gilly
52027,7160,Godarville
52028,6041,Gosselies
52029,6280,Gougnies
52030,6030,Goutroux
52031,6181,Gouy-lez-Piéton
52032,6220,Heppignies
52033,6280,Joncret
52034,6040,Jumet
52035,7170,La Hestre
52036,6220,Lambusart
52037,6111,Landelies
52038,6142,Leernes
52040,6042,Lodelinsart
52041,6280,Loverval
52042,6238,Luttre
52043,7170,Manage
52044,6030,Marchienne-au-Pont
52045,6001,Marcinelle
52046,6211,Mellet
52047,6031,Monceau-sur-Sambre
52048,6110,Montigny-le-Tilleul
52049,6061,Montignies-sur-Sambre
52050,6032,Mont-sur-Marchienne
52051,6230,Obaix
52052,7181,Petit-Roeulx-lez-Nivelles
52053,7160,Piéton
52054,6240,Pironchamps
52055,6230,Pont-à-Celles
52056,6250,Pont-de-Loup
52057,6250,Presles
52058,6043,Ransart
52060,6250,Roselies
52061,6044,Roux
52062,6221,Saint-Amand
52063,7180,Seneffe
52064,6182,Souvret
52065,6230,Thiméon
52066,6183,Trazegnies
52067,6230,Viesville
52068,6210,Villers-Perwin
52069,6280,Villers-Poterie
52070,6223,Wagnelée
52071,6224,Wanfercée-Baulet
52072,6220,Wangenies
52073,6210,Wayaux
53001,7387,Angre
53002,7387,Angreau
53003,7040,Asquillies
53004,7387,Athis
53005,7382,Audregnies
53006,7040,Aulnois
53007,7387,Autreppe
53008,7380,Baisieux
53009,7331,Baudour
53010,7870,Bauffe
53011,7040,Blaregnies
53012,7370,Blaugies
53013,7040,Bougnies
53014,7300,Boussu
53015,7940,Cambron-Casteau
53016,7870,Cambron-Saint-Vincent
53017,7063,Chaussée-Notre-Dame-Louvignies
53018,7024,Ciply
53019,7033,Cuesmes
53020,7370,Dour
53021,7370,Elouges
53022,7050,Erbaut
53023,7050,Erbisoeul
53024,7387,Erquennes
53025,7080,Eugies
53026,7387,Fayt-le-Franc
53028,7080,Frameries
53029,7040,Genly
53030,7011,Ghlin
53031,7041,Givry
53032,7040,Goegnies-Chaussée
53033,7350,Hainin
53034,7022,Harmignies
53035,7022,Harveng
53036,7334,Hautrage
53037,7041,Havay
53038,7021,Havré
53039,7350,Hensies
53040,7050,Herchies
53041,7301,Hornu
53042,7022,Hyon
53043,7012,Jemappes
53045,7080,La Bouverie
53046,7870,Lens
53047,7870,Lombise
53048,7020,Maisières
53049,7387,Marchipont
53050,7050,Masnuy-Saint-Jean
53051,7050,Masnuy-Saint-Pierre
53052,7022,Mesvin
53054,7870,Montignies-lez-Lens
53055,7387,Montignies-sur-Roc
53056,7350,Montroeul-sur-Haine
53057,7332,Neufmaison
53058,7063,Neufvilles
53059,7020,Nimy
53060,7080,Noirchain
53061,7022,Nouvelles
53062,7034,Obourg
53063,7387,Onnezies
53064,7340,Pâturages
53065,7390,Quaregnon
53066,7040,Quévy-le-Grand
53067,7040,Quévy-le-Petit
53068,7380,Quiévrain
53069,7387,Roisin
53070,7330,Saint-Ghislain
53071,7030,Saint-Symphorien
53073,7332,Sirault
53074,7032,Spiennes
53075,7333,Tertre
53076,7350,Thulin
53077,7334,Villerot
53078,7340,Warquignies
53079,7340,Wasmes
53080,7390,Wasmuel
53081,7370,Wihéries
53082,7340,Colfontaine
54001,7784,Neerwaasten
54002,7780,Komen
54003,7711,Dottenijs
54004,7712,Herseaux
54005,7781,Houthem
54006,7700,Luingne
54007,7700,Moeskroen
54008,7782,Ploegsteert
54009,7784,Waasten
54010,7780,Komen-Waasten
55003,7110,Boussoit
55005,7130,Bray
55006,7061,Casteau
55009,7191,Ecaussinnes-Lalaing
55010,7850,#N/A
55011,7120,Estinnes-au-Val
55012,7863,Ghoy
55014,7830,Graty
55015,7100,Haine-Saint-Paul
55016,7090,Hennuyères
55017,7090,Henripont
55018,7060,Horrues
55019,7110,Houdeng-Aimeries
55020,7110,Houdeng-Goegnies
55021,2540,Hove
55022,7100,La Louvière
55024,7190,Marche-lez-Ecaussinnes
55025,7850,Mark
55026,7110,Maurage
55027,7070,Mignault
55028,7062,Naast
55029,7862,Ogy
55033,7850,Lettelingen
55034,7090,Petit-Roeulx-lez-Braine
55035,7070,Le Rœulx
55036,7090,Ronquières
55038,7100,Saint-Vaast
55041,8630,Steenkerke
55042,7110,Strépy-Bracquegnies
55043,7070,Thieu
55044,7061,Thieusies
55045,7830,Thoricourt
55046,7100,Trivières
55047,7120,Vellereille-le-Sec
55048,7031,Villers-Saint-Ghislain
55049,7070,Ville-sur-Haine
55085,7180,#N/A
55086,7170,#N/A
56001,6150,Anderlues
56002,6464,Baileux
56003,6460,Bailièvre
56005,6500,Beaumont
56006,6594,Beauwelz
56008,6543,Bienne-lez-Happart
56009,6533,Biercée
56010,6531,Biesme-sous-Thuin
56011,7130,Binche
56012,6464,Bourlers
56013,6440,Boussu-lez-Walcourt
56014,7133,Buvrinnes
56015,7141,Carnières
56016,6460,Chimay
56017,6120,Cour-sur-Heure
56018,7120,Croix-lez-Rouveroy
56019,6536,Donstiennes
56020,7134,Epinois
56021,6441,Erpion
56022,6560,Erquelinnes
56023,7120,Estinnes-au-Mont
56024,7120,Fauroeulx
56025,6567,Fontaine-Valmont
56026,6596,Forge-Philippe
56027,6464,Forges
56029,6440,Froidchapelle
56030,6534,Gozée
56031,6560,Grand-Reng
56032,6470,Grandrieu
56033,7100,Haine-Saint-Pierre
56034,6120,Ham-sur-Heure
56035,6560,Hantes-Wihéries
56036,7120,Haulchin
56037,6120,Jamioulx
56038,6567,Labuissière
56039,6530,Leers-et-Fosteau
56041,6500,Leugnies
56042,6500,Leval-Chaudeville
56043,7134,Leval-Trahegnies
56044,6540,Lobbes
56045,6463,Lompret
56046,6591,Macon
56047,6593,Macquenoise
56048,6120,Marbaix
56049,6567,Merbes-le-Château
56050,6567,Merbes-Sainte-Marie
56051,6590,Momignies
56052,6592,Monceau-Imbrechies
56053,6470,Montbliart
56054,6560,Montignies-Saint-Christophe
56055,7141,Mont-Sainte-Aldegonde
56056,6540,Mont-Sainte-Geneviève
56057,7140,Morlanwelz-Mariemont
56058,6120,Nalinnes
56059,7120,Peissant
56060,6532,Ragnies
56061,6470,Rance
56062,6500,Renlies
56063,7134,Ressaix
56064,6464,Rièzes
56065,6460,Robechies
56066,7120,Rouveroy
56067,4672,Saint-Remy
56068,6460,Salles
56069,6542,Sars-la-Buissière
56070,6470,Sautin
56071,6596,Seloignes
56072,6470,Sivry
56073,6500,Solre-Saint-Géry
56074,6560,Solre-sur-Sambre
56075,6511,Strée
56076,6500,Thirimont
56077,6536,Thuillies
56078,6530,Thuin
56079,7536,Vaulx
56080,7120,Vellereille-les-Brayeux
56081,6440,Vergnies
56082,6460,Villers-la-Tour
56083,6461,Virelles
56084,7131,Waudrez
57001,7750,Amougies
57002,7750,Anseroeul
57003,7640,Antoing
57004,7730,Bailleul
57005,7534,Barry
57006,7604,Baugnies
57008,7522,Blandain
57009,7321,Blaton
57011,7603,Bon-Secours
57012,7604,Braffe
57014,7641,Bruyelle
57015,7602,Bury
57016,7604,Callenelle
57017,7642,Calonne
57018,4317,Celles
57019,7903,Chapelle-à-Oie
57020,7903,Chapelle-à-Wattines
57021,7521,Chercq
57022,7500,Ere
57023,7760,Escanaffles
57024,7502,Esplechin
57025,7743,Esquelmes
57026,7730,Estaimbourg
57027,7730,Estaimpuis
57028,7730,Evregnies
57029,7643,Fontenoy
57030,7504,Froidmont
57031,7503,Froyennes
57032,7906,Gallaix
57033,7530,Gaurain-Ramecroix
57034,7900,Grandmetz
57035,7620,Guignies
57036,7531,Havinnes
57038,7522,Hertain
57039,7620,Hollain
57040,7624,Howardries
57041,7620,Jollain-Merlin
57042,7540,Kain
57043,7611,La Glanerie
57044,7522,Lamain
57045,7622,Laplaigne
57046,7730,Leers-Nord
57047,7621,Lesdain
57048,5310,Leuze
57049,7812,Ligne
57050,7522,Marquain
57051,7640,Maubray
57052,7534,Maulde
57053,7540,Melles
57054,7760,Molenbaix
57055,7911,Montroeul-au-Bois
57056,7542,Mont-Saint-Aubert
57057,7543,Mourcourt
57058,7730,Néchin
57059,7743,Obigies
57060,7501,Orcq
57061,7750,Orroir
57062,7740,Pecq
57064,7600,Péruwelz
57065,7904,Pipaix
57066,7760,Popuelles
57067,7760,Pottes
57068,7540,Quartes
57069,7520,Ramegnies-Chin
57070,7623,Rongy
57071,7601,Roucourt
57072,7610,Rumes
57073,7540,Rumillies
57075,6747,Saint-Léger
57076,7500,Saint-Maur
57077,7618,Taintignies
57078,7520,Templeuve
57079,7901,Thieulain
57080,7533,Thimougies
57082,7536,Vaulx
57083,7760,Velaines
57084,7538,Vezon
57085,7548,Warchin
57086,7740,Warcoing
57087,7604,Wasmes-Audemez-Briffoeil
57088,7910,Wattripont
57089,7620,Wez-Velvain
57090,7608,Wiers
57091,7904,Willaupuis
57092,7506,Willemeau
57094,7900,Leuze-en-Hainaut
57096,7700,#N/A
57097,7780,#N/A
58001,7100,#N/A
58002,7130,#N/A
61001,4557,Abée
61002,4317,Aineffe
61003,4540,Amay
61004,4540,Ampsin
61005,4520,Antheit
61006,4520,Bas-Oha
61007,4500,Ben-Ahin
61008,4560,Bois-et-Borsu
61009,4317,Borlez
61010,4210,Burdinne
61011,4537,Chapon-Seraing
61012,4560,Clavier
61013,4890,Clermont
61013,4890,Clermont
61014,4180,Comblain-Fairon
61015,4218,Couthuin
61016,4120,Ehein
61017,4590,Ellemelle
61018,4920,Ernonheid
61019,4190,Ferrières
61020,4181,Filot
61021,4530,Fize-Fontaine
61023,4557,Fraiture
61024,4180,Hamoir
61027,4480,Hermalle-sous-Huy
61028,4217,Héron
61029,4162,Hody
61030,4520,Huccorgne
61033,4210,Lamontzée
61034,5300,Landenne
61035,4217,Lavoir
61036,4560,Les Avins
61037,4317,Les Waleffes
61039,4570,Marchin
61040,4210,Marneffe
61041,4577,Modave
61042,4520,Moha
61043,4550,Nandrin
61044,4121,Neuville-en-Condroz
61045,4560,Ocquier
61047,4210,Oteppe
61048,4590,Ouffet
61049,4577,Outrelouxhe
61050,4560,Pailhe
61051,4171,Poulseur
61052,4557,Ramelot
61053,4550,Saint-Séverin
61054,5300,Seilles
61055,4557,Seny
61056,4537,Seraing-le-Château
61057,4557,Soheit-Tinlot
61058,6511,Strée
61059,4163,Tavier
61060,4560,Terwagne
61061,4500,Tihange
61062,4530,Vaux-et-Borset
61063,4537,Verlaine
61064,4577,Vierset-Barse
61065,4190,Vieuxville
61066,4530,Vieux-Waleffe
61067,4161,Villers-aux-Tours
61068,4530,Villers-le-Bouillet
61069,4550,Villers-le-Temple
61070,4520,Vinalmont
61071,4570,Vyle-et-Tharoul
61072,4520,Wanze
61074,4530,Warnant-Dreye
61075,4590,Warzée
61076,4190,Werbomont
61077,4190,Xhoris
61079,4160,Anthisnes
61080,4480,Engis
61081,4557,Tinlot
62001,4432,Alleur
62002,4031,Angleur
62003,4430,Ans
62004,4160,#N/A
62005,4601,Argenteau
62006,4340,Awans
62007,4400,Awirs
62008,4630,Ayeneux
62009,4920,Aywaille
62010,4671,Barchon
62012,4052,Beaufays
62013,4610,Bellaire
62014,4607,Berneau
62015,4610,Beyne-Heusay
62016,4460,Bierset
62017,4690,Boirs
62019,4100,Boncelles
62020,4020,Bressoux
62022,4050,Chaudfontaine
62023,4032,Chênée
62024,4602,Cheratte
62026,4170,Comblain-au-Pont
62027,4607,Dalhem
62028,4140,Dolembreux
62029,4690,Eben-Emael
62030,4053,Embourg
62031,4480,#N/A
62032,4130,Esneux
62034,4607,Feneur
62035,4458,Fexhe-Slins
62036,4400,Flémalle-Grande
62037,4400,Flémalle-Haute
62038,4620,Fléron
62039,4340,Fooz
62041,4870,Fraipont
62042,4000,Glain
62046,4460,Grâce-Berleur
62047,4030,Grivegnée
62048,4684,Haccourt
62049,4681,Hermalle-sous-Argenteau
62050,4680,Hermée
62051,4040,Herstal
62052,4682,Heure-le-Romain
62053,4342,Hognoul
62054,4460,Hollogne-aux-Pierres
62056,4671,Housse
62057,4682,Houtain-Saint-Siméon
62059,4020,Jupille-sur-Meuse
62060,4450,Juprelle
62062,4450,Lantin
62064,4042,Liers
62066,4431,Loncin
62068,4623,Magnée
62069,4633,Melen
62070,4630,Micheroux
62071,4041,Milmort
62072,4400,Mons-lez-Liège
62073,4420,Montegnée
62074,4670,Mortier
62075,4607,Mortroux
62076,4870,Nessonvaux
62078,4102,Ougrée
62079,4680,Oupeye
62080,4452,Paifve
62081,4122,Plainevaux
62082,4610,Queue-du-Bois
62083,4400,Ivoz-Ramet
62084,4621,Retinne
62085,4600,Richelle
62087,4000,Rocourt
62089,4624,Romsée
62090,4120,Rotheux-Rimière
62091,4140,Rouvreux
62092,4606,Saint-André
62093,4420,Saint-Nicolas
62094,4672,Saint-Remy
62095,4671,Saive
62096,4100,Seraing
62097,4450,Slins
62098,4920,Sougné-Remouchamps
62099,4630,Soumagne
62100,4140,Sprimont
62101,4130,Tilff
62102,4420,Tilleur
62103,4670,Trembleur
62104,4051,Vaux-sous-Chèvremont
62105,4460,Velroux
62107,4453,Villers-Saint-Siméon
62109,4683,Vivegnis
62111,4451,Voroux-lez-Liers
62112,4041,Vottem
62113,4020,Wandre
62116,4690,Wonck
62117,4432,Xhendremael
62118,4460,Grâce-Hollogne
63001,4770,Amel
63002,4821,Andrimont
63003,4880,Aubel
63004,4837,Baelen
63005,4983,Basse-Bodeux
63006,4651,Battice
63007,4960,Bellevaux-Ligneuville
63008,4960,Bevercé
63009,4831,Bilstain
63010,4653,Bolland
63011,4990,Bra
63012,4760,Büllingen
63014,4650,Chaineux
63015,4654,Charneux
63016,4987,Chevron
63017,4890,Clermont
63019,4784,Crombach
63020,4820,Dison
63021,4750,Elsenborn
63022,4800,Ensival
63023,4700,Eupen
63024,4731,Eynatten
63025,4950,Faymonville
63026,4980,Fosse
63027,4970,Francorchamps
63028,4851,Gemmenich
63030,4650,Grand-Rechain
63031,4730,Hauset
63033,4771,Heppenbach
63034,4728,Hergenrath
63035,4650,Herve
63036,4802,Heusy
63038,4845,Jalhay
63040,4720,Kelmis
63041,4701,Kettenis
63042,4987,La Gleize
63043,4800,Lambermont
63044,4910,La Reid
63045,4990,Lierneux
63047,4783,Lommersweiler
63048,4710,Lontzen
63049,4960,Malmedy
63050,4760,Manderfeld
63051,4837,Membach
63053,4850,Montzen
63054,4850,Moresnet
63055,4608,Neufchâteau
63056,4721,Neu-Moresnet
63057,4877,Olne
63058,4860,Pepinster
63059,4800,Petit-Rechain
63060,4800,Polleur
63061,4730,Raeren
63062,4987,Rahier
63063,4780,Recht
63064,4790,Reuland
63065,4950,Robertville
63066,4761,Rocherath
63070,4851,Sippenaeken
63071,4861,Soiron
63072,4900,Spa
63073,4970,Stavelot
63074,4801,Stembert
63075,4987,Stoumont
63076,4910,Theux
63077,4890,Thimister
63078,4791,Thommen
63079,4800,Verviers
63080,4950,Waimes
63081,4711,Walhorn
63082,4980,Wanne
63083,4860,Wegnez
63084,4840,Welkenraedt
63085,4652,Xhendelesse
63086,4980,Trois-Ponts
64001,4280,Abolens
64002,4219,Acosse
64003,4219,Ambresin
64004,4260,Avennes
64005,4280,Avernas-le-Bauduin
64006,4280,Avin
64008,4257,Berloz
64009,4280,Bertrée
64011,4280,Blehen
64012,4300,Bleret
64013,4250,Boëlhe
64014,4300,Bovenistier
64015,4260,Braives
64016,4317,Celles
64017,4260,Ciplet
64018,4257,Corswarem
64019,4280,Cras-Avernas
64020,4280,Crehen
64021,4367,Crisnée
64022,4253,Darion
64023,4357,Donceel
64024,4260,Fallais
64025,4347,Fexhe-le-Haut-Clocher
64028,4260,Fumal
64029,4250,Geer
64030,4300,Grand-Axhe
64031,4280,Grand-Hallet
64033,4357,Haneffe
64035,4351,Hodeige
64036,4250,Hollogne-sur-Geer
64037,4357,Jeneffe
64040,4300,Lantremange
64041,4261,Latinne
64042,4280,Lens-Saint-Remy
64043,4250,Lens-Saint-Servais
64045,4254,Ligney
64046,4357,Limont
64048,4219,Meeffe
64049,4280,Merdorp
64050,4350,Momalle
64051,4280,Moxhe
64055,4252,Omal
64060,4280,Poucet
64061,4350,Pousset
64063,4350,Remicourt
64065,4470,Saint-Georges-sur-Meuse
64066,4280,Thisnes
64068,4263,Tourinne
64070,4317,Viemme
64071,4260,Ville-en-Hesbaye
64072,4280,Villers-le-Peuplier
64075,4219,Wasseiges
64076,4317,Faimes
71001,3800,Aalst
71002,3665,As
71003,3540,Berbroek
71004,3580,Beringen
71005,3581,Beverlo
71006,3850,Binderveld
71007,3890,Boekhout
71008,3891,Borlo
71009,3800,Brustem
71010,3891,Buvingen
71011,3590,Diepenbeek
71012,3540,Donk
71013,3803,Duras
71014,3800,Engelmanshoven
71015,3800,Gelinden
71016,3600,Genk
71017,3890,Gingelom
71018,3803,Gorsem
71019,3800,Groot-Gelmen
71020,3545,Halen
71021,3800,Halmaal
71022,3500,Hasselt
71023,3971,Heppen
71024,3540,Herk-de-Stad
71025,3550,Heusden
71026,3890,Jeuk
71027,3800,Kerkom-bij-Sint-Truiden
71028,3510,Kermt
71029,3582,Koersel
71030,3890,Kortijs
71031,3850,Kozen
71032,3511,Kuringen
71033,3945,Kwaadmechelen
71034,3970,Leopoldsburg
71035,3560,Linkhout
71037,3560,Lummen
71038,3320,Meldert
71039,3891,Mielen-Boven-Aalst
71040,3890,Montenaken
71041,2812,Muizen
71042,3670,Neerglabbeek
71043,3668,Niel-bij-As
71044,3890,Niel-bij-Sint-Truiden
71045,3850,Nieuwerkerken
71046,3945,Oostham
71047,3660,Opglabbeek
71048,3800,Ordingen
71049,3583,Paal
71050,3803,Runkelen
71051,3540,Schulen
71052,3500,Sint-Lambrechts-Herk
71053,3800,Sint-Truiden
71054,3510,Spalbeek
71055,3512,Stevoort
71056,3511,Stokrooie
71057,3980,Tessenderlo
71058,3806,Velm
71059,3890,Vorsen
71060,3850,Wijer
71061,3803,Wilderen
71062,3501,Wimmertingen
71063,3545,Zelem
71064,3800,Zepperen
71065,3550,Zolder
71066,3520,Zonhoven
71067,3690,Zutendaal
71070,3550,Heusden-Zolder
72001,3930,Achel
72003,3950,Bocholt
72004,3960,Bree
72005,3650,Dilsen
72006,3941,Eksel
72007,3650,Elen
72008,3670,Ellikom
72010,3990,Grote-Brogel
72011,3670,Gruitrode
72012,3930,Hamont
72013,3940,Hechtel
72014,3530,Helchteren
72015,3530,Houthalen
72016,3950,Kaulille
72017,3640,Kessenich
72018,3640,Kinrooi
72019,3990,Kleine-Brogel
72020,3920,Lommel
72021,3680,Maaseik
72022,3670,Meeuwen
72023,3640,Molenbeersel
72024,3680,Neeroeteren
72025,3910,Neerpelt
72026,3640,Ophoven
72027,3960,Opitter
72028,3680,Opoeteren
72029,3900,Overpelt
72030,3990,Peer
72031,3950,Reppel
72032,3650,Rotem
72033,3910,Sint-Huibrechts-Lille
72034,2260,Tongerlo
72035,3990,Wijchmaal
72036,3670,Wijshagen
72041,3650,Dilsen-Stokkem
73001,3570,Alken
73002,3870,Batsheers
73003,1910,Berg
73004,3830,Berlingen
73005,3740,Beverst
73006,3740,Bilzen
73007,3840,Bommershoven
73008,3631,Boorsem
73009,3840,Borgloon
73010,3840,Broekom
73011,3700,Diets-Heur
73012,3740,Eigenbilzen
73013,3630,Eisden
73014,3620,Gellik
73015,3770,Genoelselderen
73016,3840,Gors-Opleeuw
73017,3840,Gotem
73018,3840,Groot-Loon
73019,3740,Grote-Spouwen
73020,3723,Guigoven
73022,3870,Heers
73023,3740,Hees
73024,3870,Heks
73025,3840,Hendrieken
73026,3700,Henis
73027,3770,Herderen
73028,3717,Herstappe
73029,3831,Herten
73030,3746,Hoelbeek
73031,3840,Hoepertingen
73032,3730,Hoeselt
73033,3870,Horpmaal
73034,3840,Jesseren
73035,3770,Kanne
73036,3840,Kerniel
73037,3740,Kleine-Spouwen
73038,3870,Klein-Gelmen
73039,3700,Koninksem
73040,3720,Kortessem
73041,3840,Kuttekoven
73042,3620,Lanaken
73043,3650,Lanklaar
73044,3700,Lauw
73045,3630,Leut
73046,3700,Mal
73047,3742,Martenslinde
73048,3630,Mechelen-aan-de-Maas
73049,3870,Mechelen-Bovelingen
73050,3630,Meeswijk
73051,3770,Membruggen
73052,3870,Mettekoven
73053,3770,Millen
73054,3790,Moelingen
73055,3740,Mopertingen
73056,3740,Munsterbilzen
73057,3620,Neerharen
73058,3700,Neerrepen
73059,3700,Nerem
73060,3630,Opgrimbie
73061,3870,Opheers
73062,3700,Overrepen
73063,3700,Piringen
73064,3621,Rekem
73065,3791,Remersdaal
73066,3770,Riemst
73067,3840,Rijkel
73068,3740,Rijkhoven
73069,3700,Riksingen
73070,3730,Romershoven
73071,3740,Rosmeer
73072,3870,Rukkelingen-Loon
73073,3700,Rutten
73074,3732,Schalkhoven
73077,3730,Sint-Huibrechts-Hern
73078,3790,Sint-Martens-Voeren
73079,3792,Sint-Pieters-Voeren
73080,3700,Sluizen
73081,3650,Stokkem
73082,3793,Teuven
73083,3700,Tongeren
73084,3631,Uikhoven
73085,3832,Ulbeek
73086,3770,Val-Meer
73087,3870,Vechmaal
73088,3620,Veldwezelt
73089,3870,Veulen
73090,3724,Vliermaal
73091,3721,Vliermaalroot
73092,3770,Vlijtingen
73093,3840,Voort
73094,3700,Vreren
73095,3770,Vroenhoven
73096,3630,Vucht
73097,3740,Waltwilder
73098,3830,Wellen
73099,3730,Werm
73100,3700,Widooie
73101,3722,Wintershoven
73102,3770,Zichen-Zussen-Bolder
73103,3870,Bovelingen
73105,1130,Haren
73106,3700,Kolmont
73107,3630,Maasmechelen
81002,6791,Athus
81003,6717,Attert
81004,6790,Aubange
81005,6706,Autelbas
81006,6700,Bonnert
81007,6704,Guirsch
81008,6782,Habergy
81009,6720,Hachy
81010,6792,Halanzy
81011,6700,Heinsch
81012,6780,Hondelange
81013,6630,Martelange
81014,6747,Meix-le-Tige
81015,6780,Messancy
81016,6717,Nobressart
81017,6717,Nothomb
81018,6792,Rachecourt
81020,6717,Thiaumont
81021,6700,Toernich
81022,6717,Tontelange
81023,6780,Wolkrange
82001,6680,Amberloup
82002,4990,Arbrefontaine
82004,6672,Beho
82005,6687,Bertogne
82006,6690,Bihain
82007,6671,Bovigny
82008,6673,Cherain
82009,6637,Fauvillers
82010,6686,Flamierge
82011,6698,Grand-Halleux
82012,6637,Hollange
82013,6640,Hompré
82014,6660,Houffalize
82016,5310,Longchamps
82017,6600,Longvilly
82018,6663,Mabompré
82019,5530,Mont
82020,6674,Montleban
82021,6640,Morhet
82022,6660,Nadrin
82023,6640,Nives
82024,4347,Noville
82025,6692,Petit-Thier
82026,6640,Sibret
82027,6661,Tailles
82028,6662,Tavigny
82029,6680,Tillet
82030,6637,Tintange
82031,6640,Vaux-lez-Rosières
82032,6690,Vielsalm
82033,6600,Villers-la-Bonne-Eau
82034,6600,Wardin
82035,6666,Wibrin
82036,6640,Vaux-sur-Sûre
82037,6670,Gouvy
83001,6997,Amonines
83002,6900,Aye
83003,6951,Bande
83005,6980,Beausaint
83006,6987,Beffe
83007,6941,Bende
83008,1367,Bomal
83009,6941,Borlon
83010,6971,Champlon
83011,6960,Dochamps
83012,6940,Durbuy
83013,6997,Érezée
83014,6972,Erneuville
83015,6953,Forrières
83016,6940,Grandhan
83018,6952,Grune
83019,6927,Grupont
83020,6986,Halleux
83021,6990,Hampteau
83022,6900,Hargimont
83023,6960,Harre
83024,6950,Harsin
83025,6941,Heyd
83026,6984,Hives
83027,6987,Hodister
83028,6990,Hotton
83029,6900,Humain
83030,6941,Izier
83031,6980,La Roche-en-Ardenne
83032,6953,Lesterny
83033,6960,Malempré
83034,6900,Marche-en-Famenne
83035,6987,Marcourt
83036,6990,Marenne
83037,6953,Masbourg
83038,6997,Mormont
83039,4190,My
83040,6950,Nassogne
83041,6960,Odeigne
83042,6900,On
83043,6983,Ortho
83044,6987,Rendeux
83045,6900,Roy
83046,6982,Samrée
83047,6940,Septon
83048,6997,Soy
83049,6970,Tenneville
83050,6941,Tohogne
83051,6960,Vaux-Chavanne
83052,6941,Villers-Sainte-Gertrude
83053,6900,Waha
84001,6721,Anlier
84002,6890,Anloy
84003,6870,Arville
84004,6860,Assenois
84005,6880,Auby-sur-Semois
84006,6870,Awenne
84008,6834,Bellevaux
84009,6880,Bertrix
84010,6830,Bouillon
84011,6800,Bras
84012,6850,Carlsbourg
84013,6921,Chanly
84014,6838,Corbion
84015,6880,Cugnon
84016,6929,Daverdisse
84017,6836,Dohan
84018,6860,Ebly
84019,6856,Fays-les-Veneurs
84020,6853,Framont
84021,6800,Freux
84022,6929,Gembes
84023,6840,Grandvoir
84024,6840,Grapfontaine
84025,6922,Halma
84026,6840,Hamipré
84027,6870,Hatrival
84028,6929,Haut-Fays
84029,6887,Herbeumont
84030,6880,Jehonville
84031,6642,Juseret
84032,6681,Lavacherie
84033,6860,Léglise
84034,6830,Les Hayons
84035,6890,Libin
84037,6924,Lomprez
84038,6840,Longlier
84039,6852,Maissin
84040,6860,Mellier
84041,6870,Mirwart
84042,6800,Moircy
84043,4608,Neufchâteau
84045,6851,Nollevaux
84046,6890,Ochamps
84047,6850,Offagne
84048,6852,Opont
84049,6880,Orgeo
84050,6850,Paliseul
84051,5370,Porcheresse
84052,6830,Poupehan
84054,6800,Recogne
84055,6890,Redu
84056,6800,Remagne
84057,6830,Rochehaut
84058,6800,Sainte-Marie-Chevigny
84059,6870,Saint-Hubert
84061,6800,Saint-Pierre
84062,6832,Sensenruth
84063,6890,Smuid
84064,6920,Sohier
84065,6887,Straimont
84066,5550,Sugny
84067,6812,Suxy
84068,6927,Tellin
84069,6840,Tournay
84070,6890,Transinne
84071,6833,Ucimont
84072,6870,Vesqueville
84073,6890,Villance
84074,6833,Vivy
84075,6920,Wellin
84076,6860,Witry
84077,6800,Libramont-Chevigny
85001,5555,Bellefontaine
85002,6760,Bleid
85003,6743,Buzenol
85004,6742,Chantemelle
85005,6824,Chassepierre
85006,6747,Châtillon
85007,6810,Chiny
85008,6767,Dampicourt
85009,6740,Étalle
85010,6760,Ethe
85011,6820,Florenville
85012,6820,Fontenoille
85013,6769,Gérouville
85014,6720,Habay-la-Neuve
85015,6723,Habay-la-Vieille
85016,6767,Harnoncourt
85017,6724,Houdemont
85018,6810,Izel
85019,6810,Jamoigne
85020,6821,Lacuisine
85021,6767,Lamorteau
85022,6761,Latour
85023,6811,Les Bulles
85024,6769,Meix-devant-Virton
85025,6820,Muno
85026,6750,Musson
85027,6750,Mussy-la-Ville
85028,6769,Robelmont
85029,6730,Rossignol
85030,6760,Ruette
85031,6724,Rulles
85032,6820,Sainte-Cécile
85034,6747,Saint-Léger
85035,6762,Saint-Mard
85036,6730,Saint-Vincent
85037,6769,Sommethonne
85038,6813,Termes
85039,6730,Tintigny
85040,6767,Torgny
85041,6741,Vance
85042,6823,Villers-devant-Orval
85043,6769,Villers-la-Loue
85044,6740,Villers-sur-Semois
85045,6760,Virton
91001,5590,Achêne
91002,5362,Achet
91003,5550,Alle
91004,6953,Ambly
91005,5537,Anhée
91006,5537,Annevoie-Rouillon
91008,5580,Ave-et-Auffe
91010,5377,Baillonville
91011,5570,Baronville
91012,5370,Barvaux-Condroz
91013,5570,Beauraing
91015,5555,Bièvre
91016,5537,Bioul
91017,5542,Blaimont
91018,5550,Bohan
91019,5377,Bonsin
91020,5575,Bourseigne-Neuve
91021,5575,Bourseigne-Vieille
91023,5590,Braibant
91024,5580,Buissonville
91025,6927,Bure
91026,4317,Celles
91028,5590,Chevetogne
91029,5560,Ciergnon
91030,5590,Ciney
91031,5590,Conneux
91033,5562,Custinne
91034,5500,Dinant
91035,5570,Dion
91036,5530,Dorinne
91038,5530,Durnal
91039,5363,Emptinne
91040,5580,Eprave
91043,5500,Falmagne
91044,5500,Falmignoul
91045,5570,Felenne
91046,5570,Feschaux
91047,5560,Finnevaux
91048,5370,Flostoy
91049,5572,Focant
91050,5504,Foy-Notre-Dame
91051,5576,Froidfontaine
91052,6990,Fronville
91053,5500,Furfooz
91054,5575,Gedinne
91056,5530,Godinne
91057,5555,Graide
91059,5360,Hamois
91060,5580,Han-sur-Lesse
91061,5540,Hastière-Lavaux
91062,5541,Hastière-par-delà
91064,5370,Havelange
91065,5543,Heer
91066,5377,Heure
91067,5377,Hogne
91068,5570,Honnay
91069,5575,Houdremont
91070,5563,Hour
91072,5560,Houyet
91073,5560,Hulsonniaux
91074,5570,Javingue
91075,5580,Jemelle
91076,4357,Jeneffe
91078,5580,Lavaux-Sainte-Anne
91079,5590,Leignon
91080,5580,Lessive
91081,5501,Lisogne
91082,5575,Louette-Saint-Denis
91083,5575,Louette-Saint-Pierre
91084,5374,Maffe
91085,5575,Malvoisin
91086,5573,Martouzin-Neuville
91087,5372,Méan
91089,5560,Mesnil-Eglise
91090,5560,Mesnil-Saint-Blaise
91091,5376,Miécret
91092,5361,Mohiville
91093,5555,Monceau-en-Ardenne
91095,5580,Mont-Gauthier
91097,5550,Nafraiture
91098,5555,Naomé
91099,5360,Natoye
91100,5377,Nettinne
91101,5377,Noiseux
91102,5555,Oizy
91103,5520,Onhaye
91104,5550,Orchimont
91105,5575,Patignies
91106,5590,Pessoux
91108,5574,Pondrôme
91109,5370,Porcheresse
91110,5530,Purnode
91111,6927,Resteigne
91112,5575,Rienne
91113,5170,Rivière
91114,5580,Rochefort
91115,5575,Sart-Custinne
91116,5364,Schaltin
91117,5361,Scy
91118,5590,Serinchamps
91119,5377,Sinsin
91120,5377,Somme-Leuze
91121,5523,Sommière
91122,5503,Sorinnes
91123,5590,Sovet
91124,5530,Spontin
91125,5502,Thynes
91126,5575,Vencimont
91127,5370,Verlée
91128,5580,Villers-sur-Lesse
91129,5570,Vonêche
91131,5377,Waillet
91132,5570,Wancennes
91133,5564,Wanlin
91135,5540,Waulsort
91136,5580,Wavreille
91137,5523,Weillen
91138,5571,Wiesme
91139,5575,Willerzie
91140,5570,Winenne
91141,5530,Yvoir
91143,5550,Vresse-sur-Semois
92001,5310,Aische-en-Refail
92002,5070,Aisemont
92003,5300,Andenne
92004,5170,Arbre
92005,5060,Arsimont
92006,5330,Assesse
92007,5060,Auvelais
92008,5190,Balâtre
92009,5000,Beez
92010,5001,Belgrade
92011,5030,Beuzet
92012,5380,Bierwart
92013,5640,Biesme
92014,5170,Bois-de-Villers
92015,5310,Bolinne
92016,5310,Boneffe
92017,5021,Boninne
92018,5300,Bonneville
92019,5032,Bossière
92020,5032,Bothey
92021,5004,Bouge
92022,5081,Bovesse
92023,5310,Branchon
92024,5020,Champion
92025,5022,Cognelée
92026,5032,Corroy-le-Château
92027,5380,Cortil-Wodon
92028,5336,Courrière
92029,5300,Coutisse
92030,5332,Crupet
92031,5020,Daussoulx
92032,5100,Dave
92033,5537,Denée
92034,5310,Dhuy
92035,5310,Éghezée
92036,5080,Emines
92037,5644,Ermeton-sur-Biert
92039,5101,Erpent
92040,5350,Evelette
92041,5060,Falisolle
92042,5340,Faulx-les-Tombes
92043,5020,Flawinne
92044,5334,Florée
92045,5150,Floreffe
92046,5150,Floriffoux
92047,5380,Forville
92048,5070,Fosses-la-Ville
92049,5380,Franc-Waret
92050,5150,Franière
92051,5641,Furnaux
92052,5024,Gelbressée
92053,5030,Gembloux
92054,5340,Gesves
92055,5353,Goesnes
92056,5031,Grand-Leez
92058,5640,Graux
92059,5351,Haillot
92060,5340,Haltinne
92061,5190,Ham-sur-Sambre
92062,5310,Hanret
92063,5380,Hemptinne
92064,5380,Hingeon
92065,5032,Isnes
92066,5354,Jallet
92067,5100,Jambes
92069,5060,Keumiée
92070,5070,Le Roux
92071,5170,Lesve
92072,5310,Leuze
92073,5310,Liernu
92074,5140,Ligny
92075,5101,Lives-sur-Meuse
92076,5310,Longchamps
92078,5101,Loyers
92079,5170,Lustin
92080,5330,Maillen
92081,5300,Maizeret
92082,5020,Malonne
92083,5024,Marche-les-Dames
92084,5380,Marchovelette
92085,5032,Mazy
92086,5310,Mehaigne
92087,5640,Mettet
92088,5081,Meux
92089,5060,Moignelée
92090,5190,Mornimont
92091,7911,Moustier
92092,5340,Mozet
92093,5300,Namêche
92095,5100,Naninne
92096,5380,Noville-les-Bois
92097,5350,Ohey
92098,5190,Onoz
92099,1360,Perwez
92100,5380,Pontillas
92101,5170,Profondeville
92102,5080,Rhisnes
92103,7034,Saint-Denis
92104,5640,Saint-Gérard
92105,5310,Saint-Germain
92106,5003,Saint-Marc
92107,5190,Saint-Martin
92108,5002,Saint-Servais
92109,5330,Sart-Bernard
92110,5070,Sart-Eustache
92111,5070,Sart-Saint-Laurent
92113,5300,Sclayn
92114,5140,Sombreffe
92115,5340,Sorée
92116,5333,Sorinne-la-Longue
92117,5537,Sosoye
92118,5150,Soye
92119,5190,Spy
92120,5020,Suarlée
92121,5060,Tamines
92122,5310,Taviers
92123,5020,Temploux
92124,5300,Thon
92125,5380,Tillier
92126,5140,Tongrinne
92127,5310,Upigny
92128,5020,Vedrin
92130,5300,Vezin
92131,5080,Villers-lez-Heest
92132,5070,Vitrival
92133,5310,Waret-la-Chaussée
92134,5080,Warisoulx
92135,5100,Wépion
92136,5100,Wierde
92140,5190,Jemeppe-sur-Sambre
92142,5030,Gembloux
93001,5544,Agimont
93002,5520,Anthée
93003,5660,Aublain
93004,5651,Berzée
93005,5640,Biesmerée
93006,5660,Boussu-en-Fagne
93007,5660,Brûly
93008,5660,Brûly-de-Pesche
93009,5650,Castillon
93010,5630,Cerfontaine
93012,4890,Clermont
93013,5620,Corenne
93014,5660,Couvin
93015,5660,Cul-des-Sarts
93016,5660,Dailly
93017,5630,Daussois
93018,5680,Doische
93019,5670,Dourbes
93020,5600,Fagnolle
93021,5620,Flavion
93022,5620,Florennes
93023,5650,Fontenelle
93024,5650,Fraire
93025,5600,Franchimont
93026,5660,Frasnes
93027,5680,Gimnée
93028,5680,Gochenée
93029,5660,Gonrieux
93030,5651,Gourdinne
93031,5621,Hanzinelle
93032,5621,Hanzinne
93033,5380,Hemptinne
93034,5540,Hermeton-sur-Meuse
93035,5600,Jamagne
93036,5600,Jamiolle
93037,5651,Laneffe
93038,5670,Le Mesnil
93039,5660,Mariembourg
93040,5680,Matagne-la-Grande
93041,5680,Matagne-la-Petite
93042,5670,Mazée
93043,5600,Merlemont
93045,5620,Morville
93046,5600,Neuville
93047,5670,Nismes
93048,5680,Niverlée
93049,5670,Oignies-en-Thiérache
93050,5670,Olloy-sur-Viroin
93051,5600,Omezée
93052,5640,Oret
93053,5660,Pesche
93055,5660,Petite-Chapelle
93056,5600,Philippeville
93057,5660,Presgaux
93058,5650,Pry
93059,5651,Rognée
93060,5600,Roly
93061,5600,Romedenne
93062,5680,Romerée
93063,5620,Rosée
93064,5620,Saint-Aubin
93065,5600,Samart
93066,5600,Sart-en-Fagne
93067,5600,Sautour
93069,5521,Serville
93070,5630,Silenrieux
93071,5651,Somzée
93072,5680,Soulme
93073,5630,Soumoy
93074,5646,Stave
93075,5600,Surice
93076,5651,Tarcienne
93078,5651,Thy-le-Château
93079,5670,Treignes
93080,5680,Vaucelles
93081,5670,Vierves-sur-Viroin
93082,5630,Villers-Deux-Eglises
93083,5600,Villers-en-Fagne
93084,5600,Villers-le-Gambon
93085,5600,Vodecée
93086,5680,Vodelée
93087,5650,Vogenée
93088,5650,Walcourt
93089,5650,Yves-Gomezée